node_name	passing_clusters	all_clusters	sequence_id	file_name	contig_name	length	trusted	cluster_weight	consensus_weight
1__canu_01.fasta__tig00000001__2800832_bp	1	1	1	canu_01.fasta	tig00000001	2800832	false	1	1
2__canu_01.fasta__tig00000002__114874_bp	14	14	2	canu_01.fasta	tig00000002	114874	false	1	1
3__canu_01.fasta__tig00000003__42972_bp	18	18	3	canu_01.fasta	tig00000003	42972	false	1	1
4__canu_02.fasta__tig00000002__114874_bp	14	14	4	canu_02.fasta	tig00000002	114874	false	1	1
5__canu_02.fasta__tig00000003__42968_bp	18	18	5	canu_02.fasta	tig00000003	42968	false	1	1
6__canu_02.fasta__tig00000004__2800761_bp	1	1	6	canu_02.fasta	tig00000004	2800761	false	1	1
7__canu_03.fasta__tig00000001__2800780_bp	1	1	7	canu_03.fasta	tig00000001	2800780	false	1	1
8__canu_03.fasta__tig00000002__114873_bp	14	14	8	canu_03.fasta	tig00000002	114873	false	1	1
9__canu_03.fasta__tig00000003__42973_bp	18	18	9	canu_03.fasta	tig00000003	42973	false	1	1
10__canu_04.fasta__tig00000002__114875_bp	14	14	10	canu_04.fasta	tig00000002	114875	false	1	1
11__canu_04.fasta__tig00000003__42971_bp	18	18	11	canu_04.fasta	tig00000003	42971	false	1	1
12__canu_04.fasta__tig00000004__2802094_bp	1	1	12	canu_04.fasta	tig00000004	2802094	false	1	1
13__flye_01.fasta__contig_1__114881_bp	14	14	13	flye_01.fasta	contig_1	114881	false	1	1
14__flye_01.fasta__contig_3__10441_bp	none	29	14	flye_01.fasta	contig_3	10441	false	1	1
15__flye_01.fasta__contig_4__2802253_bp	1	1	15	flye_01.fasta	contig_4	2802253	false	1	1
16__flye_01.fasta__contig_5__42974_bp	18	18	16	flye_01.fasta	contig_5	42974	false	1	1
17__flye_02.fasta__contig_1__2802245_bp	1	1	17	flye_02.fasta	contig_1	2802245	false	1	1
18__flye_02.fasta__contig_2__114877_bp	14	14	18	flye_02.fasta	contig_2	114877	false	1	1
19__flye_02.fasta__contig_3__42972_bp	18	18	19	flye_02.fasta	contig_3	42972	false	1	1
20__flye_03.fasta__contig_1__2802249_bp	1	1	20	flye_03.fasta	contig_1	2802249	false	1	1
21__flye_03.fasta__contig_2__114875_bp	14	14	21	flye_03.fasta	contig_2	114875	false	1	1
22__flye_03.fasta__contig_3__42974_bp	18	18	22	flye_03.fasta	contig_3	42974	false	1	1
23__flye_04.fasta__contig_1__42974_bp	18	18	23	flye_04.fasta	contig_1	42974	false	1	1
24__flye_04.fasta__contig_2__114876_bp	14	14	24	flye_04.fasta	contig_2	114876	false	1	1
25__flye_04.fasta__contig_3__2802240_bp	1	1	25	flye_04.fasta	contig_3	2802240	false	1	1
26__metamdbg_01.fasta__ctg0__2036340_bp	none	3	26	metamdbg_01.fasta	ctg0	2036340	false	1	1
27__metamdbg_01.fasta__ctg1__8582_bp	none	31	27	metamdbg_01.fasta	ctg1	8582	false	1	1
28__metamdbg_01.fasta__ctg4__33180_bp	none	22	28	metamdbg_01.fasta	ctg4	33180	false	1	1
29__metamdbg_01.fasta__ctg8__42982_bp	18	18	29	metamdbg_01.fasta	ctg8	42982	false	1	1
30__metamdbg_01.fasta__ctg9__434950_bp	none	12	30	metamdbg_01.fasta	ctg9	434950	false	1	1
31__metamdbg_01.fasta__ctg10__16167_bp	none	27	31	metamdbg_01.fasta	ctg10	16167	false	1	1
32__metamdbg_01.fasta__ctg11__9136_bp	none	30	32	metamdbg_01.fasta	ctg11	9136	false	1	1
33__metamdbg_01.fasta__ctg12__114880_bp	14	14	33	metamdbg_01.fasta	ctg12	114880	false	1	1
34__metamdbg_01.fasta__ctg14__386919_bp	none	13	34	metamdbg_01.fasta	ctg14	386919	false	1	1
35__metamdbg_01.fasta__ctg15__52801_bp	none	17	35	metamdbg_01.fasta	ctg15	52801	false	1	1
36__metamdbg_01.fasta__ctg16__17775_bp	none	26	36	metamdbg_01.fasta	ctg16	17775	false	1	1
37__metamdbg_01.fasta__ctg17__25659_bp	none	25	37	metamdbg_01.fasta	ctg17	25659	false	1	1
38__metamdbg_02.fasta__ctg3__62058_bp	none	15	38	metamdbg_02.fasta	ctg3	62058	false	1	1
39__metamdbg_02.fasta__ctg4__16174_bp	none	27	39	metamdbg_02.fasta	ctg4	16174	false	1	1
40__metamdbg_02.fasta__ctg7__174693_bp	14	14	40	metamdbg_02.fasta	ctg7	174693	false	1	1
41__metamdbg_02.fasta__ctg8__1585775_bp	none	5	41	metamdbg_02.fasta	ctg8	1585775	false	1	1
42__metamdbg_02.fasta__ctg10__3353_bp	none	34	42	metamdbg_02.fasta	ctg10	3353	false	1	1
43__metamdbg_02.fasta__ctg11__31948_bp	none	23	43	metamdbg_02.fasta	ctg11	31948	false	1	1
44__metamdbg_02.fasta__ctg12__11667_bp	none	28	44	metamdbg_02.fasta	ctg12	11667	false	1	1
45__metamdbg_02.fasta__ctg14__1327140_bp	none	6	45	metamdbg_02.fasta	ctg14	1327140	false	1	1
46__metamdbg_02.fasta__ctg16__9477_bp	none	30	46	metamdbg_02.fasta	ctg16	9477	false	1	1
47__metamdbg_02.fasta__ctg17__42570_bp	none	19	47	metamdbg_02.fasta	ctg17	42570	false	1	1
48__metamdbg_02.fasta__ctg20__17732_bp	none	26	48	metamdbg_02.fasta	ctg20	17732	false	1	1
49__metamdbg_03.fasta__ctg1__747405_bp	none	10	49	metamdbg_03.fasta	ctg1	747405	false	1	1
50__metamdbg_03.fasta__ctg3__889416_bp	none	8	50	metamdbg_03.fasta	ctg3	889416	false	1	1
51__metamdbg_03.fasta__ctg6__38876_bp	none	21	51	metamdbg_03.fasta	ctg6	38876	false	1	1
52__metamdbg_03.fasta__ctg7__757123_bp	none	9	52	metamdbg_03.fasta	ctg7	757123	false	1	1
53__metamdbg_03.fasta__ctg8__17445_bp	none	26	53	metamdbg_03.fasta	ctg8	17445	false	1	1
54__metamdbg_03.fasta__ctg9__3353_bp	none	34	54	metamdbg_03.fasta	ctg9	3353	false	1	1
55__metamdbg_03.fasta__ctg10__637227_bp	none	11	55	metamdbg_03.fasta	ctg10	637227	false	1	1
56__metamdbg_03.fasta__ctg17__42969_bp	18	18	56	metamdbg_03.fasta	ctg17	42969	false	1	1
57__metamdbg_03.fasta__ctg18__12400_bp	none	28	57	metamdbg_03.fasta	ctg18	12400	false	1	1
58__metamdbg_03.fasta__ctg19__7825_bp	none	32	58	metamdbg_03.fasta	ctg19	7825	false	1	1
59__metamdbg_03.fasta__ctg20__114876_bp	14	14	59	metamdbg_03.fasta	ctg20	114876	false	1	1
60__metamdbg_03.fasta__ctg23__3806_bp	none	33	60	metamdbg_03.fasta	ctg23	3806	false	1	1
61__metamdbg_04.fasta__ctg0__10976_bp	none	28	61	metamdbg_04.fasta	ctg0	10976	false	1	1
62__metamdbg_04.fasta__ctg2__3353_bp	none	34	62	metamdbg_04.fasta	ctg2	3353	false	1	1
63__metamdbg_04.fasta__ctg3__9136_bp	none	30	63	metamdbg_04.fasta	ctg3	9136	false	1	1
64__metamdbg_04.fasta__ctg5__53533_bp	none	16	64	metamdbg_04.fasta	ctg5	53533	false	1	1
65__metamdbg_04.fasta__ctg7__29533_bp	none	24	65	metamdbg_04.fasta	ctg7	29533	false	1	1
66__metamdbg_04.fasta__ctg8__16165_bp	none	27	66	metamdbg_04.fasta	ctg8	16165	false	1	1
67__metamdbg_04.fasta__ctg9__42003_bp	none	20	67	metamdbg_04.fasta	ctg9	42003	false	1	1
68__metamdbg_04.fasta__ctg10__1232177_bp	none	7	68	metamdbg_04.fasta	ctg10	1232177	false	1	1
69__metamdbg_04.fasta__ctg12__114876_bp	14	14	69	metamdbg_04.fasta	ctg12	114876	false	1	1
70__metamdbg_04.fasta__ctg13__1662299_bp	none	4	70	metamdbg_04.fasta	ctg13	1662299	false	1	1
71__metamdbg_04.fasta__ctg14__3806_bp	none	33	71	metamdbg_04.fasta	ctg14	3806	false	1	1
72__metamdbg_04.fasta__ctg17__8048_bp	none	31	72	metamdbg_04.fasta	ctg17	8048	false	1	1
73__metamdbg_04.fasta__ctg18__35980_bp	none	21	73	metamdbg_04.fasta	ctg18	35980	false	1	1
74__metamdbg_04.fasta__ctg21__42979_bp	18	18	74	metamdbg_04.fasta	ctg21	42979	false	1	1
75__miniasm_01.fasta__utg000001c__2841129_bp	1	1	75	miniasm_01.fasta	utg000001c	2841129	false	1	1
76__miniasm_01.fasta__utg000002c__42975_bp	18	18	76	miniasm_01.fasta	utg000002c	42975	false	1	1
77__miniasm_01.fasta__utg000003l__163941_bp	14	14	77	miniasm_01.fasta	utg000003l	163941	false	1	1
78__miniasm_02.fasta__utg000001l__2778371_bp	none	2	78	miniasm_02.fasta	utg000001l	2778371	false	1	1
79__miniasm_02.fasta__utg000002l__163952_bp	14	14	79	miniasm_02.fasta	utg000002l	163952	false	1	1
80__miniasm_02.fasta__utg000003c__42974_bp	18	18	80	miniasm_02.fasta	utg000003c	42974	false	1	1
81__miniasm_03.fasta__utg000001c__2802223_bp	1	1	81	miniasm_03.fasta	utg000001c	2802223	false	1	1
82__miniasm_03.fasta__utg000002l__163955_bp	14	14	82	miniasm_03.fasta	utg000002l	163955	false	1	1
83__miniasm_03.fasta__utg000003c__42974_bp	18	18	83	miniasm_03.fasta	utg000003c	42974	false	1	1
84__miniasm_04.fasta__utg000001c__2802258_bp	1	1	84	miniasm_04.fasta	utg000001c	2802258	false	1	1
85__miniasm_04.fasta__utg000002l__150645_bp	14	14	85	miniasm_04.fasta	utg000002l	150645	false	1	1
86__miniasm_04.fasta__utg000003c__42973_bp	18	18	86	miniasm_04.fasta	utg000003c	42973	false	1	1
87__raven_01.fasta__Utg622__2802259_bp	1	1	87	raven_01.fasta	Utg622	2802259	false	1	1
88__raven_01.fasta__Utg626__114889_bp	14	14	88	raven_01.fasta	Utg626	114889	false	1	1
89__raven_02.fasta__Utg644__2802226_bp	1	1	89	raven_02.fasta	Utg644	2802226	false	1	1
90__raven_02.fasta__Utg648__114887_bp	14	14	90	raven_02.fasta	Utg648	114887	false	1	1
91__raven_03.fasta__Utg674__2802208_bp	1	1	91	raven_03.fasta	Utg674	2802208	false	1	1
92__raven_03.fasta__Utg678__114869_bp	14	14	92	raven_03.fasta	Utg678	114869	false	1	1
93__raven_04.fasta__Utg680__114868_bp	14	14	93	raven_04.fasta	Utg680	114868	false	1	1
94__raven_04.fasta__Utg682__2802234_bp	1	1	94	raven_04.fasta	Utg682	2802234	false	1	1
